FundingModel,AdmissionRate,ACTMedian,SATAverage,AverageCost,MedianEarnings
Public,0.8989,17,823,18888,27000
Public,0.8673,25,1146,19990,37200
Public,0.8062,26,1180,20306,41500
Public,0.5125,17,830,17400,22400
Public,0.5655,26,1171,26717,39200
Public,0.8371,21,970,16556,32400
Public,0.8274,27,1215,23788,41800
Private,0.6422,26,1177,44512,38200
Private,0.6279,22,999,31433,33000
Public,0.8326,23,1036,19202,31300
Private,0.7388,22,1023,27815,25300
Public,0.9957,20,950,17959,32200
Public,0.6034,22,1040,16520,37900
Private,0.7125,23,1058,30108,32900
Public,0.8729,23,1070,20209,30400
Public,0.8092,22,1028,15058,33000
Private,0.3435,20,924,34705,27300
Private,0.7697,26,1153,38835,41400
Public,0.8604,23,1064,17125,34400
Private,0.4627,24,1100,43325,37500
Private,0.9615,21,970,19127,27200
Private,0.43,19,882,24744,23200
Public,0.6821,21,990,16877,33800
Private,0.3511,20,937,32853,30800
Private,0.3745,22,1008,42925,38000
Public,0.8023,25,1145,21960,41200
Public,0.7692,24,1106,23905,40000
Private,0.7898,26,1171,45228,53800
Public,0.9137,23,1050,22771,36200
Private,0.7293,26,1094,40206,30800
Private,0.6076,23,1045,34444,29300
Public,0.5274,24,1077,19894,31600
Private,0.5898,25,1142,33355,35500
Public,0.5858,26,1156,19917,39200
Public,0.277,18,842,15414,23700
Public,0.7551,24,1088,18809,29100
Public,0.8503,22,1008,16126,30600
Public,0.8997,23,1070,17899,33300
Private,0.5407,21,974,20386,31200
Private,0.7628,25,1139,25475,35500
Public,0.6221,22,1011,18033,32300
Private,0.8039,29,1267,50172,36100
Private,0.6982,25,1144,33326,43100
Private,0.7011,24,1090,31473,34600
Private,0.6136,23,1057,34532,33300
Public,0.5838,20,930,11593,25000
Private,0.6798,22,1001,22330,28400
Public,0.6081,21,989,17738,31700
Public,0.5736,22,1028,14335,28400
Private,0.7985,24,1098,44021,45800
Private,0.7286,25,1123,44573,37600
Private,0.788,21,984,39026,36600
Private,0.1055,34,1534,56382,60100
Private,0.4802,24,1108,48630,44300
Public,0.3123,28,1242,23867,55400
Public,0.6626,19,901,18061,42300
Public,0.7215,19,917,17161,38500
Public,0.5831,18,888,17030,40600
Public,0.5218,23,1070,19402,45000
Public,0.7161,22,1014,22926,41100
Public,0.5747,17,845,12957,39100
Public,0.5815,19,920,16377,38100
Public,0.4579,22,1021,16663,40500
Public,0.6872,19,910,20676,45800
Public,0.3082,21,1012,18085,42400
Public,0.6752,18,871,14747,39400
Public,0.4624,19,918,20899,38300
Public,0.6968,20,945,19380,42700
Public,0.18,30,1350,32715,53000
Public,0.4521,26,1192,31803,48500
Public,0.4239,24,1122,28980,47100
Public,0.2199,28,1289,31474,51000
Public,0.62,23,1078,29787,41100
Public,0.375,28,1276,29751,50100
Public,0.4444,27,1212,31913,45600
Public,0.5991,23,1087,33208,37800
Public,0.748,24,1080,22223,74300
Private,0.4471,27,1208,57020,48000
Private,0.9119,23,1020,41233,38000
Private,0.492,21,986,37696,31000
Private,0.1173,31,1397,60065,55600
Private,0.7752,23,1057,56165,48700
Private,0.7844,20,979,33973,37600
Private,0.1817,34,1483,60613,68300
Private,0.5668,19,910,46994,45800
Public,0.8018,21,1008,23113,30400
Private,0.7482,20,930,24492,24900
Private,0.3895,23,1035,45305,45300
Private,0.4677,20,926,39842,37300
Private,0.6137,25,1104,40815,35400
Private,0.5412,27,1202,55432,49600
Private,0.3705,22,1001,51649,41700
Private,0.6798,26,1151,54668,32800
Private,0.7409,19,928,47905,50300
Private,0.872,20,972,47115,47500
Private,0.4239,29,1303,60655,41100
Private,0.4628,22,1002,52397,42400
Private,0.4681,20,951,40303,33000
Private,0.5055,22,1017,38800,44600
Private,0.7265,26,1172,52406,64000
Private,0.6654,26,1155,43060,43900
Private,0.1392,33,1454,57014,43100
Private,0.672,25,1135,55268,47100
Public,0.3121,24,1090,20252,44000
Private,0.4885,28,1228,56346,53400
Private,0.8269,25,1061,55809,27700
Public,0.6379,22,998,22267,42100
Private,0.6129,25,1161,55812,53300
Private,0.6929,23,1039,34811,30300
Public,0.6347,22,1030,21160,48100
Private,0.5122,29,1294,57213,61500
Private,0.357,31,1364,58888,38800
Private,0.555,22,1030,33889,28000
Private,0.6947,25,1115,56500,50300
Public,0.8186,22,1006,23675,40800
Private,0.6977,23,980,41952,33900
Private,0.8667,21,1137,50373,46900
Private,0.1984,31,1380,59787,62300
Private,0.7921,27,1243,35056,33200
Private,0.7016,27,1193,51760,39200
Private,0.6325,23,1043,49920,38900
Private,0.5575,22,987,42465,41200
Public,0.526,20,939,17759,30700
Public,0.7587,23,1073,18822,50100
Public,0.91,23,1068,16707,37300
Public,0.8771,27,1192,27854,41600
Private,0.2228,30,1323,54200,34400
Public,0.3743,29,1298,29091,73000
Public,0.7743,25,1127,21823,39500
Private,0.7673,28,1231,53614,47600
Public,0.875,23,1049,19565,30300
Public,0.8212,21,972,18077,32400
Public,0.7116,21,973,14034,34900
Public,0.6957,22,1029,19105,36200
Private,0.6986,24,1087,43058,49100
Public,0.9434,21,967,18007,33700
Public,0.932,22,1005,18875,30100
Private,0.6385,20,923,45640,37600
Public,0.6413,22,1006,20372,41200
Public,0.5366,28,1233,25786,49700
Public,0.6453,22,1017,22633,39500
Private,0.6173,23,1053,47368,39400
Private,0.7441,23,1034,48280,44000
Private For-Profit,0.8302,19,865,40723,34700
Private,0.6722,25,1102,53476,54100
Private,0.857,20,950,42885,44600
Public,0.7542,20,921,18628,38400
Private,0.3178,27,1240,59865,50300
Private,0.2092,31,1387,61167,42000
Private,0.0705,34,1497,59320,70600
Public,0.4168,18,890,20506,30500
Public,0.6468,27,1178,21748,50100
Private,0.625,20,841,35199,38800
Private,0.4312,28,1258,55159,51600
Private,0.6007,25,1118,54023,48900
Private,0.6558,18,841,29852,26400
Private,0.3308,29,1297,58925,60100
Private,0.1697,31,1398,59900,76200
Private,0.493,24,1081,40129,42400
Private,0.4257,24,1062,15748,27200
Private,0.4678,19,930,41019,42200
Private,0.666,17,812,27017,23500
Private,0.776,20,940,48735,34400
Public,0.4894,26,1175,19815,39300
Private,0.7009,22,1026,28463,31100
Private,0.7104,26,1138,49802,36000
Private,0.2732,17,802,22929,22000
Private,0.7405,24,1105,45648,53800
Public,0.45,20,947,19191,32300
Public,0.4773,22,1039,19131,37800
Private,0.4987,23,1096,28305,33800
Private,0.5875,23,1060,25690,31200
Private,0.1336,19,884,21358,51800
Private,0.6045,26,1153,52490,50500
Public,0.4304,26,1154,18426,40500
Private,0.4989,25,1102,38413,35900
Public,0.5681,27,1212,20774,40000
Public,0.4655,29,1272,20456,46600
Private,0.4737,22,1010,42459,42100
Private,0.4044,30,1332,57700,51100
Public,0.5343,25,1143,19415,38400
Private,0.5102,20,932,33485,40800
Private,0.5746,24,1084,40783,42300
Private,0.8412,23,1061,37535,36000
Private,0.5889,27,1199,56309,40600
Public,0.4524,26,1168,19299,37900
Private,0.4567,19,904,37090,41600
Private,0.5925,26,1168,49939,36500
Private,0.5932,20,955,30333,28300
Private,0.5221,24,1075,37714,40200
Private,0.4847,19,863,16752,26400
Private,0.3378,19,908,28555,37000
Private,0.6377,21,922,34949,31100
Public,0.4808,24,1062,18158,33400
Public,0.709,19,897,14080,29200
Public,0.1992,19,887,19025,27900
Private,0.4013,17,825,26050,24500
Public,0.6998,21,997,19802,36300
Private,0.5353,20,946,27497,27800
Private,0.568,19,880,34201,29800
Private,0.6032,27,1186,40965,34600
Private,0.7829,20,957,34107,38100
Private,0.5137,19,896,22499,29300
Public,0.8221,20,940,15501,26300
Public,0.477,20,939,17487,34900
Public,0.5543,21,984,17029,30700
Private,0.5704,26,1173,38510,37200
Private,0.2633,31,1363,58180,56900
Public,0.5493,30,1352,21980,65700
Public,0.6803,20,950,17839,31500
Public,0.6798,24,1126,23052,36300
Public,0.52,23,1094,21513,36600
Public,0.5466,23,1060,23124,37500
Public,0.5608,28,1247,21162,42500
Public,0.4529,17,840,13091,28300
Public,0.5654,23,1068,20630,37200
Private,0.5837,21,995,37305,38000
Private,0.69,26,1171,46382,43900
Private,0.6684,21,990,45451,36200
Private,0.5576,25,1131,43689,37600
Private,0.4377,16,778,21516,21800
Private,0.6118,22,1001,32031,37000
Private,0.514,22,1013,30734,33600
Private,0.6547,24,1078,49179,29700
Public,0.8299,18,847,15531,26800
Private,0.6807,21,954,30642,43000
Private,0.3802,22,1024,41635,40600
Public,0.7798,24,1123,16546,48900
Private,0.494,20,1000,30178,24600
Private,0.8064,20,939,26484,27800
Public,0.5522,22,1033,20958,34300
Private,0.4339,20,982,30878,32000
Public,0.5385,20,950,18879,32800
Private,0.5365,21,980,34007,31200
Private,0.8359,21,972,30801,37600
Public,0.752,21,967,15284,30400
Public,0.8009,24,1087,18491,38500
Private,0.6411,22,1005,29762,42100
Public,0.7643,19,891,9874,37400
Private,1,20,977,23036,23500
Public,0.7766,23,1050,18227,33000
Public,0.6565,23,1070,19700,35800
Private,0.905,24,1070,34555,34900
Public,0.9977,20,936,16184,29700
Private,0.617,25,1079,34498,32300
Private,0.9963,23,1036,10438,33800
Private,0.7184,23,1065,55551,28800
Private,0.7595,22,1011,31145,36600
Private,0.6799,22,1034,24126,32600
Private,0.6694,26,1163,40330,45000
Public,0.2865,19,892,18472,31200
Private,0.0881,34,1504,62425,58700
Private,0.5441,22,1030,34774,36400
Private,0.5987,26,1163,46375,44800
Public,0.6191,22,1010,23346,36000
Private,0.718,24,1084,41472,42700
Private,0.6781,23,1053,28799,28900
Private,0.657,22,1033,33675,32400
Private,0.9299,21,1019,33966,20600
Public,0.714,24,1092,25248,47000
Private,0.695,22,1030,35481,43400
Public,0.6239,29,1303,28564,50700
Private,0.5838,28,1241,48522,48500
Private,0.6129,22,1024,36829,34400
Private,0.5697,28,1252,48940,61700
Public,0.6892,24,1110,25416,40600
Private,0.7069,23,1045,37635,36300
Private,0.5727,26,1157,49743,41600
Private,0.5587,24,1088,34079,43500
Private,0.6875,22,996,25309,27400
Private,0.8747,18,850,28702,25700
Private,0.914,27,1195,47727,45500
Private,0.7488,21,964,30843,32700
Private,0.6289,23,1046,37004,40500
Private,0.5512,24,1087,39576,38600
Private,0.6431,23,1049,40578,35500
Private,0.6365,25,1125,41218,40100
Private,0.5234,22,1030,31065,37300
Public,0.5613,22,1010,27621,39500
Private,0.1532,33,1458,60729,58100
Public,0.5981,19,890,22273,33100
Private,0.8196,24,1105,39125,33900
Private,0.8859,23,1048,36948,33500
Private,0.4097,22,1029,37253,37400
Private,0.7878,22,1035,43650,39400
Private,0.5997,22,1031,36307,40100
Private,0.5141,23,1070,36226,44700
Private,0.5054,22,1010,35284,40800
Public,0.5977,24,1085,21385,40000
Public,0.7887,22,1032,24234,37400
Public,0.8419,23,1050,21137,37800
Private,0.9022,23,1053,33611,37800
Private,0.9372,23,1049,37929,37200
Public,0.5931,21,970,24375,37200
Private,0.6871,30,1318,41394,39700
Private,0.5545,23,1053,37937,33400
Public,0.6054,22,1053,21101,35800
Private,0.7158,24,1047,33617,33200
Private,0.661,28,1212,47010,50700
Private,0.4,18,855,19530,38700
Private,0.6121,27,1215,51050,44800
Private,0.637,29,1262,50930,29900
Private,0.8409,26,1147,42674,37000
Private,0.6002,22,1010,37962,37400
Private,0.5506,26,1123,37707,34400
Private,0.7884,23,1050,32506,33800
Private,0.6673,26,1130,42198,37300
Private,0.7231,23,1014,33660,30200
Private,0.9732,24,1054,34764,31900
Public,0.8309,22,996,18837,32000
Public,0.6958,22,1013,20846,37400
Private,0.8443,22,1018,36158,36700
Private,0.7225,20,934,35911,37600
Public,0.6934,22,1004,17996,31300
Public,0.8306,19,910,19549,33100
Public,0.7355,21,950,15874,33900
Public,0.7003,21,962,17377,31300
Public,0.7217,27,1198,23043,42000
Public,0.7625,20,918,18092,34100
Public,0.7945,20,950,16753,32800
Public,0.5381,21,943,15334,27600
Private,0.7116,22,1017,38505,35900
Private,0.5795,22,1024,39369,39800
Private,0.9515,24,1083,33770,45100
Private,0.223,33,1450,57805,63200
Private,0.7285,22,988,31104,30600
Public,0.7218,20,954,13713,32800
Private,0.5622,30,1310,55413,71300
Private,0.5362,21,981,31516,36600
Private,0.6419,22,998,37135,35800
Private,0.9754,19,895,40349,29800
Private,0.8568,26,1141,45920,41800
Private,0.876,28,1214,38845,32800
Private,0.7157,24,1095,40679,39200
Private,0.7969,26,1158,43185,42400
Private,0.6955,23,1050,39011,36100
Private,0.658,24,1089,43491,39200
Private,0.7752,23,1048,38062,35800
Private,0.6171,26,1166,45387,40300
Private,0.6411,26,1182,46135,35100
Private,0.7542,25,1119,37080,35600
Private,0.6595,28,1240,42477,48000
Private,0.7742,20,926,34206,32900
Private,0.6693,22,1028,24930,29200
Private,0.5018,21,969,34494,33200
Private,0.9542,21,979,31761,38900
Private,0.3506,30,1357,53318,37600
Public,0.8252,25,1145,18820,43500
Private,0.6012,22,1005,36102,30800
Public,0.8023,27,1208,21832,44000
Private,0.6903,24,1088,37622,38200
Private,0.7212,26,1175,46548,39900
Private,0.5337,23,1050,36280,36600
Private,0.6845,22,1010,37183,40900
Public,0.8331,22,1030,19233,38700
Private,0.7609,24,1095,37884,32600
Private,0.9617,23,1050,38189,40500
Private,0.8802,24,1105,40186,40400
Private,0.5818,22,1010,35190,39000
Private For-Profit,0.5067,21,980,30300,32000
Private,0.7765,24,1077,43312,39700
Private,0.5766,20,926,33081,36900
Private,0.869,24,1086,37485,45500
Private,0.6057,25,1145,36805,35000
Private,0.5882,21,956,34042,33500
Private,0.644,23,1028,33781,35400
Private,0.5045,21,970,28170,28200
Public,0.6069,22,1030,15612,33200
Public,0.8917,21,990,15395,34800
Private,0.5285,20,954,24990,26400
Private,0.5862,21,977,33388,38300
Public,0.9228,25,1145,21971,41600
Private,0.4472,24,1079,33524,39500
Private,0.537,22,1014,34402,35600
Private,0.5988,22,1020,25439,29000
Private,0.866,22,1014,34534,37000
Private,0.7223,20,950,32388,39200
Private,0.9888,22,1020,35017,37700
Public,0.7898,22,1010,15211,35300
Private,0.4707,22,988,31515,32600
Private,0.8968,23,1036,36472,42500
Private,0.4405,22,1015,30722,29300
Private,0.735,23,1017,35960,35300
Public,0.9576,24,1089,14764,36400
Private,0.4502,21,990,19450,27700
Private,0.6573,24,1110,33966,30200
Private,0.9478,25,1116,47609,42700
Private,0.3401,24,1113,30396,29700
Private,0.45,22,1010,27219,35000
Private,0.6844,21,985,31545,29800
Private,0.6857,29,1268,46400,35800
Private,0.7127,22,1019,30993,30100
Public,0.6002,22,1009,17801,31900
Private,0.8219,24,1085,42036,35100
Public,0.3774,18,860,18387,26100
Private,0.671,22,1019,29725,29100
Public,0.6861,25,1140,22420,39300
Private,0.5136,21,976,29246,26500
Public,0.7112,25,1142,21922,35800
Private,0.5381,22,1032,33132,33700
Public,0.8449,22,1028,17805,28000
Public,0.8217,22,1029,16397,32300
Public,0.467,22,1024,14603,32800
Private,1,19,909,31005,28000
Private,0.8108,20,952,31021,40300
Private,0.8775,23,1033,36843,41800
Private,0.9615,27,1213,41374,36800
Private,0.7416,22,1007,31769,28800
Public,0.9232,22,1009,16538,30800
Private,0.6597,25,1131,40578,40700
Private,0.3544,19,884,25343,28000
Public,0.4363,18,863,20881,24800
Public,0.6074,20,950,14276,29000
Public,0.7623,26,1162,20422,42800
Public,0.8349,22,1030,15066,32700
Private,0.7423,21,968,22940,37800
Public,0.6744,24,1089,16983,37500
Private,0.8707,25,1143,46676,40500
Public,0.6151,22,1030,14823,33000
Public,0.5036,23,1072,16212,32900
Public,0.8694,22,1030,16071,32500
Public,0.7724,23,1050,14925,33700
Public,0.84,22,1007,16605,30100
Private,0.6615,22,1010,21335,44700
Public,0.448,22,1030,15729,33400
Public,0.359,19,890,17928,28700
Public,0.4888,17,808,10889,26100
Public,0.593,23,1070,15342,34600
Private,0.2643,31,1341,58904,51200
Private,0.5443,23,1048,27550,43200
Private,0.1495,32,1423,58200,48600
Private,0.2604,30,1343,57300,45700
Private,0.7989,19,962,25019,34600
Public,0.6293,23,908,17314,30300
Public,0.854,22,937,17380,23100
Public,0.8106,24,1085,22461,36500
Public,0.6536,22,1026,23673,73500
Private,0.8584,24,1057,47931,44200
Public,0.828,23,1003,22290,35000
Private,0.7244,19,895,33792,33200
Public,0.5176,19,886,18581,42600
Private,0.5903,21,1042,30826,65400
Public,0.5945,20,963,19454,38500
Private,0.8102,22,1030,45230,40000
Private,0.1813,32,1418,58980,64400
Private,0.58,27,1194,56736,56400
Public,0.6315,27,1209,22024,46900
Public,0.5502,18,871,20587,32800
Public,0.5757,18,893,20108,34100
Private,0.6741,20,1060,45896,47100
Private,0.4964,22,1036,41871,45600
Public,0.5494,24,1145,20916,44100
Public,0.7204,28,1221,29174,42900
Public,0.6034,23,1078,21596,45700
Private,0.5959,21,990,38785,45800
Private,0.6655,27,1168,52243,40800
Private,0.7587,24,1105,45866,42000
Private,0.6779,19,885,40803,36100
Private,0.1428,32,1434,59060,54000
Private,0.2821,28,1258,58450,74700
Private,0.576,20,964,40447,37500
Private,0.6255,22,1006,44041,36300
Private,0.4379,28,1234,54806,69000
Private,0.3222,32,1375,58639,61800
Private,0.4561,28,1279,59036,53600
Private,0.3704,30,1347,58850,47400
Public,0.786,22,991,19303,39100
Private,0.6692,18,931,47519,41900
Private,0.6835,17,845,46673,29200
Private,0.4798,28,1240,51158,38900
Private,0.6049,24,1090,49487,42200
Private,0.7165,23,1070,44177,43800
Public,0.7211,20,987,17686,38700
Public,0.5167,22,1040,21402,40200
Private,0.4133,26,1156,43140,36700
Private,0.0584,34,1501,57950,77600
Private,0.7614,21,974,43854,34600
Private,0.6749,24,1065,47788,33200
Public,0.6397,25,1132,22861,45600
Public,0.6294,27,1209,25665,43500
Private,0.8921,24,1094,43966,113100
Public,0.6982,25,1081,25384,30200
Private,0.0815,34,1503,57010,86900
Public,0.7726,22,1051,22420,67500
Private,0.6065,18,880,41565,32600
Private,0.8047,21,940,44886,41900
Public,0.672,23,1032,20025,29500
Private,0.3231,32,1394,55914,56400
Private,0.7492,19,928,40802,41300
Private,0.7243,21,954,47432,41000
Public,0.6929,22,986,20601,37600
Private,0.4897,26,1149,51093,46500
Private,0.6992,23,1029,44829,39900
Public,0.7213,23,1061,23763,41100
Private,0.7091,25,1133,50677,51700
Private,0.825,23,1014,45280,46000
Private,0.1884,32,1428,58752,57400
Private,0.2911,31,1399,57164,52800
Private,0.5761,24,1109,43850,52100
Private,0.8151,24,1077,45850,48400
Public,0.7487,20,995,19468,39300
Private,0.7318,22,996,45591,35300
Private,0.1702,32,1439,59412,46400
Public,0.6062,22,1016,18494,39700
Private,0.5628,22,1007,40199,33800
Private,0.5639,25,1143,45690,40800
Private,0.6791,25,1100,43157,38000
Private,0.3751,23,1070,33653,33400
Private,0.7135,24,1090,34593,31200
Private,0.6975,26,1183,39013,38100
Public,0.6304,22,1029,21523,36100
Private,0.7263,21,976,17823,47800
Private,0.486,22,1010,46095,33200
Private,0.6147,25,1142,48027,43000
Public,0.6398,22,1011,18905,33800
Public,0.759,22,1010,21498,38400
Private,0.6159,27,1198,49303,69900
Private,0.6807,24,1084,33912,32800
Public,0.826,24,1090,21512,36900
Private,0.7253,27,1204,38593,39700
Private,0.6689,28,1240,48547,41400
Public,0.9183,23,1050,19571,32600
Private,0.4365,25,1145,39890,50000
Private,0.6125,22,1034,22629,36300
Private,0.9378,16,780,25733,25300
Private,0.6567,21,990,26399,30300
Public,0.3326,30,1352,25760,53400
Public,0.6865,26,1158,23740,46800
Public,0.7659,27,1206,24724,57400
Public,0.6284,25,1125,15831,42900
Public,0.7809,21,993,16731,36700
Public,0.7313,22,1030,18466,30800
Private,0.6538,22,1029,32803,40800
Public,0.66,23,1070,19198,37900
Private,0.5148,20,927,31515,31000
Private,0.6842,22,1008,26213,27300
Public,0.7865,21,990,17876,35000
Private,0.6765,21,990,31980,34500
Private,0.6505,23,1069,32709,34800
Private,0.5883,20,930,29377,25500
Public,0.7624,23,1050,20199,36700
Public,0.8285,22,1030,22483,37900
Private,0.6086,23,1053,42531,41300
Public,0.6678,21,990,18166,35100
Private,0.7458,23,1070,32531,31400
Private,0.9485,25,1144,42692,41100
Private,0.2095,31,1406,58275,42700
Private,0.7998,25,1144,39803,39100
Private,0.5239,21,991,40267,44700
Private,0.9617,25,1125,20740,35400
Private,0.6322,27,1224,48422,42400
Private,0.6557,24,1106,43433,43100
Private,0.3416,31,1350,55393,38900
Public,0.6555,22,1030,17578,38100
Public,0.4442,28,1270,24278,43300
Public,0.6916,22,1004,21549,38000
Private,0.5895,23,1073,41935,27500
Public,0.7822,24,1109,22796,39900
Public,0.5764,26,1168,22853,34500
Public,0.8911,23,1049,18028,34500
Private,0.9521,23,1044,28800,28700
Private,0.6915,25,1126,37803,32100
Private,0.5873,20,930,25300,21000
Private,0.7554,26,1157,47734,45200
Public,0.8691,22,1010,17892,38700
Private,0.7516,26,1155,46397,51100
Private,0.7485,23,1068,38470,39300
Private,0.5919,29,1290,50550,40200
Private,0.55,21,983,34574,30000
Private,0.7265,24,1085,40685,46300
Private,0.8617,26,1165,48421,48100
Private,0.6089,23,1051,43356,43700
Public,0.6546,22,1010,19109,34900
Public,0.6075,23,1070,20449,39000
Public,0.8291,18,851,20330,26200
Private,0.4842,22,1033,33375,33100
Private,0.5573,22,1007,16926,28400
Public,0.8941,20,950,17749,32000
Public,0.6464,19,910,18724,26000
Private,0.4745,26,1159,44435,38900
Public,0.5936,24,1100,21526,37900
Public,0.4349,21,995,15935,31400
Public,0.2272,17,825,17758,21000
Private,0.673,24,1098,25976,35800
Public,0.6482,24,1106,20796,36800
Public,0.8566,21,970,5285,25500
Private,0.1386,14,666,14466,20600
Public,0.6631,24,1082,18781,33200
Private,0.3551,18,864,20179,23500
Private,0.4877,24,1105,23962,32500
Private,0.6108,22,1028,34898,39500
Private,0.8696,22,1033,18781,30500
Private,0.6506,22,1006,32000,31500
Public,0.8083,21,990,18355,33100
Private,0.7063,22,1021,26065,26100
Private,0.5926,21,972,33741,33100
Private,0.8095,25,1146,32556,29300
Private,0.6425,23,1046,30988,32400
Private,0.6524,23,1070,30833,38100
Private,0.6814,22,1029,27560,31300
Private,0.643,24,1073,45824,25200
Private,0.6629,23,1045,30193,35400
Private,0.7611,25,1142,37968,43200
Private,0.6095,22,1001,30542,31800
Public,0.9728,21,990,14143,30500
Private,0.2218,20,920,28754,31000
Public,0.7861,26,1165,22387,41200
Public,0.33,24,1105,23437,41300
Public,0.8215,28,1263,22102,61200
Public,0.7419,24,1090,22474,37500
Public,0.7219,28,1243,19689,38000
Public,0.7241,23,1050,17005,34400
Private,0.7543,26,1164,40582,43400
Private,0.6443,28,1237,52413,48100
Private,0.9886,21,970,28581,27600
Private,0.9022,23,1062,28948,30300
Private,0.6756,23,1047,41309,29800
Public,0.8546,23,1049,17093,32500
Public,0.851,24,1090,19117,34100
Private,0.1555,33,1474,62594,58300
Private,0.5806,24,1107,37363,37400
Private,0.719,24,1090,33354,35400
Private,0.5778,25,1146,42688,40500
Private,0.7514,23,1047,33016,32500
Private,0.53,24,1112,38575,37800
Public,0.8891,24,1115,16434,36000
Public,0.8449,24,1115,18486,35600
Public,0.9423,24,1090,17440,30900
Public,1,20,925,17290,32400
Private,0.6683,22,1024,32987,33000
Private,0.6056,24,1110,22322,45300
Private,0.7167,23,1070,26429,45600
Private,0.7152,24,1091,33226,33700
Private,0.7665,27,1214,46248,51200
Private,0.7173,24,1077,36370,40300
Private,0.5846,22,995,27873,29100
Private,0.7364,24,1083,35673,38500
Public,0.8486,23,1049,19212,36000
Private,0.3333,23,1070,23987,46700
Private,0.6832,21,970,36214,35400
Public,0.7078,23,1070,16860,38300
Private,0.7689,24,1109,36429,40800
Public,0.6404,25,1147,21024,39200
Private,0.5701,23,1070,36592,36300
Private,0.5229,23,1050,30383,34400
Private,0.489,20,924,26127,31300
Public,0.8512,22,1003,17478,38800
Public,0.8396,24,1081,21398,41800
Private For-Profit,0.5992,19,962,27321,45600
Private,0.0978,32,1446,61398,60300
Private,0.8472,19,975,44410,33700
Public,0.7748,21,965,24828,33900
Private,0.8928,19,932,39525,40700
Private,0.7365,25,1145,48016,48800
Private,0.6408,21,949,38223,38400
Private,0.9094,21,956,44586,38300
Private,0.7743,25,1109,56932,40900
Private,0.8819,19,877,41750,39800
Private,0.7791,24,1063,42307,44600
Public,0.6547,26,1142,26700,58300
Private,0.0741,33,1495,55430,66500
Public,0.5526,23,1096,27781,45300
Private,0.7187,22,1038,48163,43800
Private,0.5408,19,913,40921,40000
Private,0.7916,25,1121,46869,50900
Private,0.3816,30,1305,59479,79200
Public,0.6211,22,1068,26086,42300
Public,0.6321,20,932,15021,26100
Public,0.4186,20,967,14200,31900
Public,0.4136,26,1200,17600,48600
Public,0.6458,22,1038,16822,31900
Public,0.852,21,982,17290,30200
Private For-Profit,0.9975,21,998,41417,32200
Private,0.6814,22,1098,41559,49400
Private,0.634,27,1195,40718,125600
Private,0.698,25,1106,38830,35400
Private,0.2053,30,1340,59581,46900
Private,0.7251,25,1101,42796,40800
Private,0.6403,26,1187,54772,62400
Private,0.2638,31,1370,57745,53400
Private,0.0742,33,1471,61540,69500
Private,0.6701,18,912,36593,38000
Private,0.0774,31,1358,56735,50400
Private,0.1556,32,1422,59572,65000
Private,0.7908,23,1047,32741,45500
Private,0.7189,21,899,35825,43700
Private,0.7978,24,1060,50608,37600
Private For-Profit,0.5509,21,894,31557,30100
Private,0.4713,28,1258,56604,50300
Private,0.2719,31,1384,57420,52600
Private,0.8424,25,1126,48699,37300
Private,0.5871,26,1165,49604,45900
Private,0.9108,25,1113,38352,35800
Private,0.9212,22,1009,44623,45400
Private For-Profit,0.7502,20,907,41111,42300
Private,0.619,24,1080,42068,45000
Private,0.869,20,921,42712,42100
Private,0.8067,21,974,44701,42100
Private,0.6617,25,1090,44895,56000
Private,0.1603,20,874,17344,37300
Private,0.7463,24,1053,45323,36900
Private,0.7267,23,1054,36702,53600
Private,0.86,22,1006,38808,43700
Private,0.731,20,919,37738,46500
Private,0.5695,24,986,43273,33300
Private,0.6659,25,1131,57203,38200
Private,0.2605,30,1352,60059,52500
Private,0.6633,23,1038,38829,37600
Private,0.7407,22,1039,39014,46800
Private,0.9671,20,915,34586,39200
Private,0.7683,23,1043,50625,51000
Private,0.7474,23,986,38860,30600
Private,0.7523,30,1303,50199,62000
Private,0.5859,17,928,21593,23900
Private,0.5572,26,1140,54582,37300
Private,0.412,29,1366,59470,70100
Private,0.726,23,1046,38826,37600
Private,0.6016,28,1232,45772,54000
Private,0.3568,31,1353,59156,50200
Private,0.7999,24,1075,41265,38400
Private,0.4121,22,1015,23992,56100
Private,0.8224,19,931,36823,39100
Private,0.6805,25,1122,45452,49400
Private,0.3505,28,1247,58562,41900
Private,0.7538,23,1054,25290,47800
Private,0.6277,25,1095,39014,41400
Private,0.5316,24,1093,50233,48000
Public,0.5494,24,1090,21127,35600
Public,0.7309,19,975,21178,29900
Public,0.5264,21,969,15258,44200
Public,0.5898,19,930,22083,29400
Public,0.5545,24,1102,21249,44100
Public,0.4287,29,1297,21966,52100
Public,0.5652,26,1158,20885,44500
Public,0.3948,28,1253,20611,48200
Public,0.5052,25,1155,22550,38200
Public,0.4754,24,1053,19843,44800
Public,0.4774,24,1069,19511,37600
Public,0.4683,23,1058,21840,40400
Public,0.5154,24,1056,20802,35700
Public,0.4566,28,1274,21004,42500
Public,0.4359,25,1129,20428,38500
Public,0.5073,24,1097,20762,37300
Public,0.4863,24,1110,21222,36400
Public,0.3319,24,1082,22381,30900
Public,0.5804,21,998,15888,39000
Public,0.4564,22,1026,20371,36600
Public,0.6396,23,1056,21493,68300
Private,0.4949,26,1158,55600,50800
Private,0.3728,30,1313,58023,54700
Private,0.8542,21,946,44394,37600
Private,0.2411,32,1394,59320,42300
Private For-Profit,0.7489,23,1020,48993,35000
Private,0.6988,25,1154,49453,50800
Private,0.5967,24,1075,48142,30100
Private,0.8216,26,1217,53825,49000
Public,0.6323,26,1156,17780,33600
Private,0.4177,20,939,37437,33800
Private,0.6759,21,977,39328,33300
Private,0.4489,20,950,35062,25500
Private,0.3107,23,998,19688,39500
Private,0.6983,22,1030,40323,41000
Private,0.6154,16,777,32188,29400
Private,0.2561,31,1353,54930,47900
Private,0.1342,32,1444,59528,69400
Public,0.6217,23,1050,19851,35900
Public,0.5715,17,849,10620,25100
Private,0.5398,25,1200,41679,43600
Public,0.5496,18,851,13188,26700
Private,0.4817,22,1018,35790,34400
Private,0.7831,18,891,37497,32400
Private,0.6818,23,1067,44255,33400
Private,0.6418,24,1087,42300,34900
Private,0.3668,17,826,30314,25100
Private,0.6806,21,976,39425,33600
Private,0.7122,15,723,25050,20900
Private,0.6447,20,941,36669,28400
Private,0.6232,23,1040,39296,34400
Private,0.6122,21,961,45011,35200
Private,0.5429,20,950,33963,34100
Private,0.4979,19,915,26161,35200
Public,0.6964,19,902,15313,29900
Public,0.6403,26,1190,17468,31600
Public,0.2759,30,1313,23069,48000
Public,0.6852,23,1066,17767,38300
Public,0.6002,23,1029,17362,33300
Public,0.5033,18,859,17873,30200
Public,0.4521,23,1105,19666,29600
Public,0.5001,28,1229,20511,44100
Private,0.4676,18,863,36686,35100
Public,0.5419,24,1154,18165,35700
Private,0.9086,19,910,37712,31700
Public,0.7204,20,926,15784,30500
Private,0.9609,20,954,34515,34900
Private,0.4884,19,878,22699,25700
Private,0.7686,24,1058,40930,38100
Private,0.4107,17,853,24257,25200
Private,0.6738,15,749,31095,23100
Private,0.582,25,1110,39859,31400
Private,0.6448,21,964,38467,31100
Private,0.696,25,1136,41000,20200
Private,0.793,22,1013,35465,37400
Public,0.5565,18,889,15990,28900
Public,0.3766,22,1034,17805,32200
Public,0.4868,21,965,13314,35400
Private,0.5689,23,1038,27712,36900
Private,0.8307,23,1046,22936,43200
Public,0.5662,22,1004,14549,34600
Public,0.737,24,1090,20538,42600
Public,0.841,24,1091,18277,41400
Public,0.829,21,967,16086,34000
Public,0.9649,22,1016,21338,31800
Private,0.2548,22,1009,32485,24000
Private,0.7438,23,1043,40835,36300
Private,1,23,1070,24311,55300
Private,0.6396,24,1096,37504,39900
Private,0.5308,22,1027,40078,34900
Public,0.7247,22,1009,22416,35500
Private,0.7604,24,1102,42600,39800
Private,0.4188,31,1377,55783,61800
Private,0.7401,27,1195,33652,36000
Public,0.3328,17,825,17380,20500
Private,0.525,22,1011,25338,47500
Private,0.6398,21,989,25900,28000
Public,0.7325,25,1141,25799,36200
Private,0.9711,20,939,33077,29400
Private,0.6825,23,1060,50146,29000
Public,0.6287,22,1030,22041,36900
Private,0.8551,22,1035,39478,27300
Private,0.5297,27,1181,46250,45900
Private,0.716,21,964,38824,35200
Private,0.4597,29,1285,54490,43100
Private,0.6832,24,1083,38941,38700
Private,0.7222,21,970,25222,48300
Private,0.5736,22,1030,42672,35300
Private,0.8334,25,1112,45714,45100
Public,0.8302,23,1048,23995,33100
Private,0.3838,30,1328,57910,37400
Private,0.8514,21,1002,19993,51200
Private,0.5561,21,983,39085,31300
Private,0.7179,23,1046,35213,36600
Private,0.6387,24,1105,42205,34000
Public,0.6676,28,1240,30858,40500
Private,0.5421,22,1030,25491,55400
Private,0.712,23,1050,37502,39100
Private,0.6349,23,1071,33321,37000
Private,0.8755,22,989,31989,37500
Private,0.7596,21,983,33630,34100
Private,0.9024,20,943,36250,39400
Private,0.3041,30,1354,59683,33200
Private,0.494,22,1028,40370,35200
Private,0.6785,26,1153,49618,57500
Public,0.5553,29,1289,24524,38900
Public,0.7295,24,1104,23605,35800
Private,0.7533,25,1123,52819,36500
Private,0.7374,24,1087,41646,37100
Private,0.7607,26,1163,32761,33100
Private,0.3856,21,969,34771,34000
Public,0.9073,22,1031,21263,37600
Private,0.5782,22,1018,35976,42400
Private,0.7713,23,1047,34994,39600
Private,0.4603,22,1006,39415,35000
Private,0.8932,24,1119,50728,37000
Private,0.5633,28,1231,51300,39900
Private,0.6997,25,1132,45080,43700
Private,0.7182,17,836,26400,28300
Private,0.4934,21,981,32241,46700
Public,0.8398,22,1030,16684,35500
Public,0.9814,21,969,13735,33100
Private,0.4331,19,899,23637,30200
Public,0.7337,21,970,13296,33000
Public,0.598,20,930,13065,33200
Private,0.6321,25,1124,29359,33200
Public,0.4767,19,890,15439,32300
Public,0.7602,25,1138,21338,39800
Private,0.5646,24,1098,31759,34100
Private,0.7198,26,1163,41431,37000
Public,0.8044,26,1176,23263,43300
Private,0.4354,23,1037,35070,32200
Public,0.5445,20,950,17213,30500
Public,0.6246,21,990,15440,29100
Public,0.7992,20,950,14050,32200
Private,0.884,20,963,22983,22800
Public,0.9026,21,990,16660,35200
Private,0.4059,29,1279,46560,41400
Private,0.5592,21,993,35963,38800
Private,0.7528,23,1070,41836,38300
Private,0.6285,29,1279,53455,37600
Private,0.9219,24,1090,45708,47900
Private,0.538,23,1104,33878,28800
Private,0.7044,21,974,34807,36100
Public,0.7135,23,1025,18801,48100
Public,0.7894,24,1102,22974,41600
Public,0.7417,25,1108,22390,38000
Private,0.8619,24,1102,47922,37200
Private,0.4853,31,1371,57701,28400
Private,0.3225,23,1067,38834,32500
Private,0.5784,27,1198,52665,41300
Private,0.6231,23,1033,46170,41700
Private,0.6487,26,1182,50044,42200
Private,0.758,24,1069,45331,43600
Private,0.7762,20,976,39999,40400
Private,0.8576,22,1016,28001,29400
Private,0.5969,25,1095,48907,38100
Public,0.8856,21,990,21732,39500
Private,0.3992,30,1334,57586,46800
Private,0.2951,30,1306,59090,54800
Private,0.7428,20,896,43541,38600
Public,0.9269,19,964,23081,35200
Private,0.9522,20,946,35640,35500
Private,0.2549,32,1432,59710,72200
Private,0.588,21,948,41240,42500
Private,0.5785,21,960,42663,39200
Private,0.6834,22,1005,44778,35800
Private,0.4444,29,1285,58149,48700
Private,0.815,27,1197,53831,58400
Private,0.7409,25,1122,42280,51600
Public,0.7844,20,946,20282,38100
Private,0.6409,21,1041,39764,37900
Public,0.8735,20,930,19886,30900
Private,0.6957,25,1117,47390,44400
Private,0.8042,23,1050,37572,43100
Private,0.6802,23,1070,34818,36300
Private,0.4163,28,1282,55770,46200
Private,0.6591,19,944,39051,48600
Private,0.2349,32,1400,59654,46000
Private,0.7585,19,933,31949,46800
Private,0.7964,20,943,45011,47000
Public,0.9049,20,973,22936,35300
Private,0.329,20,1018,23767,34400
Private,0.7205,19,901,31012,28500
Public,0.8179,20,959,23130,36600
Private,0.5565,21,931,35493,37000
Private,0.8021,22,996,47134,49400
Private,0.3414,29,1283,57688,62400
Private,0.5813,19,982,27372,28400
Private,0.6686,25,1112,46169,41000
Private,0.3084,30,1322,55441,68600
Public,0.6133,18,853,22497,30900
Public,0.8777,20,937,19145,36700
Private,0.7162,24,1047,44256,40600
Private,0.455,15,830,23119,34800
Public,0.9229,21,964,21432,34600
Private,0.7536,24,1064,42367,36100
Private,0.659,26,1154,41341,38000
Public,0.7186,22,1014,21756,39400
Private,0.6489,23,1057,38504,47000
Private,0.5632,24,982,47675,29400
Private,0.6876,20,915,30884,35200
Private,0.4616,28,1246,53637,49100
Private,0.5531,18,861,37314,36400
Public,0.8408,22,1052,27759,43400
Public,0.7379,22,991,20315,43400
Public,0.6943,19,889,21867,43400
Public,0.8199,21,995,20301,43400
Public,0.8186,21,941,20183,43400
Public,0.8548,24,1004,19456,43400
Public,0.8519,21,990,27591,43400
Public,0.8731,20,955,22942,43400
Public,0.8307,22,988,25931,43400
Public,0.7994,23,1027,26651,43400
Public,0.7905,20,968,19297,43400
Public,0.8793,21,951,21299,43400
Public,0.8918,20,940,19753,43400
Public,0.8634,22,948,25745,43400
Public,0.542,27,1199,31625,43400
Public,0.7983,21,957,24415,43400
Public,0.8271,22,960,25553,43400
Public,0.7774,21,942,19611,43400
Public,0.811,20,850,24227,43400
Public,0.845,23,984,19761,43400
Private,0.1224,32,1442,59600,73200
Private,0.6408,23,1062,46451,43600
Private,0.7539,22,1010,52401,26600
Private,0.5131,22,1008,32509,30700
Private,0.5635,25,1165,49327,94000
Public,0.8532,21,973,23732,45600
Public,0.9311,22,1017,23343,45600
Public,0.9038,22,1021,23709,45600
Public,0.5613,28,1258,30410,45600
Public,0.954,18,878,22596,45600
Private,0.7393,22,997,36726,32700
Private,0.8051,23,1041,38274,39500
Private,0.5838,21,927,45067,42200
Private,0.7606,23,1026,42492,43900
Private,0.7873,24,1110,52779,51600
Private,0.6875,23,1035,41591,40600
Private,0.7503,25,1121,51962,50800
Private,0.652,23,1032,40497,36000
Public,0.8341,20,980,20840,40400
Public,0.6698,21,1002,21303,36100
Private,0.7233,25,1129,49025,47100
Private,0.1432,33,1442,58481,41300
Public,0.6387,25,1121,27247,43600
Private,0.655,21,967,39573,33100
Private,0.6633,27,1182,57163,46600
Private,0.6585,22,977,29736,27800
Private,0.7484,18,913,43500,35500
Private,0.489,30,1316,56265,65100
Private,0.7523,23,1015,28822,39300
Private,0.7336,23,1040,42474,37300
Private,0.5267,22,993,39818,29400
Private,0.7351,23,1045,27266,43600
Private,0.0918,32,1425,58140,54400
Private,0.7655,25,1137,50858,57800
Private,0.5979,26,1158,56184,52900
Public,0.6915,20,930,14858,35300
Public,0.7871,24,1076,26262,44600
Private,0.2731,28,1239,59597,39200
Private,0.6706,25,1109,48219,44800
Private,0.6502,24,1079,35340,32600
Private,0.6887,21,973,33245,32400
Private,0.937,19,916,31054,36800
Public,0.7031,26,1165,25086,35800
Public,0.8041,23,1080,24827,46400
Private,0.526,18,873,29849,25000
Public,0.5787,29,1259,27944,43500
Private,0.5326,20,956,32029,30400
Private,0.6258,22,1055,28141,25900
Private,0.6499,22,1027,37599,31200
Private,0.5201,24,1072,39748,30100
Private,0.6973,22,1010,45198,33000
Public,0.5667,20,938,19965,30400
Private,0.6397,28,1237,55434,40200
Public,0.4216,20,945,21628,31300
Private,0.5322,22,1010,34658,33800
Private,0.5908,20,938,37837,28900
Private,0.5791,25,1137,28373,27000
Private,0.66,25,1121,45130,37800
Public,0.5122,21,973,18466,32800
Public,0.7304,20,932,19354,28700
Public,0.606,27,1200,23685,38700
Public,0.888,18,865,16937,28600
Public,0.7313,16,789,19403,24800
Public,0.5456,19,927,16781,31000
Public,0.7692,16,826,17501,27500
Public,0.7404,21,993,21601,32500
Public,0.5079,18,851,25265,25100
Public,0.6422,21,982,20848,33600
Private,0.8812,18,859,25085,27500
Public,0.7225,22,1030,24595,33100
Private,0.688,27,1186,47856,44000
Private,0.6809,24,1105,36828,38200
Public,0.8924,21,993,15906,31700
Public,0.8297,22,1010,17201,34500
Private,0.7023,23,1058,31596,33600
Private,0.7239,23,1050,33103,32700
Public,0.9334,22,1030,17334,30300
Private,0.6608,20,934,26676,32000
Public,0.8608,26,1183,20234,48600
Public,0.919,23,1050,18547,38200
Private,0.969,23,1064,33909,34800
Public,0.8788,24,1090,18843,35900
Private,0.521,25,1115,31324,45200
Public,0.8595,22,1009,18852,31700
Private,0.463,25,1125,19745,50100
Private,0.7987,27,1193,41450,37600
Private,0.5103,20,930,26864,35200
Private,0.3762,23,1053,29489,35400
Private,0.6657,23,1064,32446,32900
Private,0.4745,24,1105,34413,41800
Public,1,19,910,10764,26000
Private,0.473,21,986,33402,36600
Private,0.527,25,1149,37181,35500
Public,0.8649,22,1026,22485,30900
Private,0.3968,18,854,38893,29500
Private,0.9203,24,1098,32814,33700
Private,0.5464,22,1022,19898,28100
Private,0.6377,23,1039,36533,39900
Private,0.4916,15,716,17406,20300
Private,0.2335,16,760,16427,23300
Private,0.9165,24,1094,23554,30000
Private,0.6995,23,1054,31241,35400
Private,0.7259,24,1068,41481,32700
Private,0.3978,22,1030,37855,22800
Public,0.6841,22,1031,20899,33700
Public,0.6996,22,1011,17501,33100
Private,0.683,24,1096,36252,36000
Public,0.4226,19,910,12466,25800
Private,0.5816,23,1050,35632,24700
Private,0.5764,29,1288,50659,41400
Public,0.9922,19,910,13454,26600
Private,0.6027,28,1248,46530,34300
Private,0.3826,23,1050,29085,33600
Private,0.713,22,1006,28119,34600
Public,0.7757,23,1069,19192,33300
Public,0.7249,27,1199,24746,39000
Public,0.7668,23,1050,16227,32000
Public,0.9316,23,1071,19900,34400
Private,0.7843,18,878,23217,30500
Private,0.772,23,1049,30820,36500
Private,0.7225,21,961,32783,34900
Private,0.7412,26,1174,40415,37700
Private,0.1274,33,1475,59890,54400
Private,0.4894,24,1087,39811,37200
Public,0.8049,21,965,19511,34500
Private,0.5861,25,1181,45800,41000
Private,0.5747,27,1215,51086,43700
Private,0.4685,23,1035,37394,37200
Public,0.9258,20,960,17782,37800
Private,0.423,23,1078,32489,39900
Private,0.5516,20,930,24499,36700
Private,0.9011,27,1216,47437,38600
Private,0.7362,20,957,30172,37500
Public,0.6818,21,987,18487,35900
Private,0.3759,23,1035,32001,36700
Private,0.7318,24,1075,36095,41700
Public,0.9509,19,894,18879,38500
Public,0.5841,25,1136,22215,45200
Private,0.5382,20,953,32861,33300
Private,0.4589,15,780,25894,27800
Private,0.9307,21,967,34487,41600
Public,0.7682,21,974,21142,35800
Public,0.4785,18,892,15272,41100
Private,0.4066,26,1175,37031,44500
Private,0.9489,22,1010,28493,35800
Private,0.8468,24,1069,35000,38000
Private,0.5924,21,982,34650,35700
Public,0.7178,21,993,15704,35600
Public,0.5969,24,1100,18593,39400
Private,0.2578,20,924,31642,40800
Private,0.6561,18,882,33227,35700
Public,0.6217,20,937,11601,36500
Private,0.9858,16,775,21418,25300
Public,0.4232,18,845,16782,30900
Private,0.1674,33,1454,52242,56500
Private,0.7853,24,1117,43046,41400
Private,0.7724,26,1121,37271,43200
Public,0.6499,21,999,19173,38400
Private,0.9262,22,995,33631,34700
Private,0.5823,23,1050,35160,40800
Private,0.507,29,1302,57947,50400
Private,0.5217,26,1168,46789,41700
Public,0.5687,22,998,21909,36800
Public,0.7508,23,1045,19721,40700
Private,0.5392,20,949,27907,37900
Public,0.522,18,865,17254,33000
Public,0.5682,21,984,17709,37900
Public,0.881,19,895,19721,36400
Public,0.6947,26,1182,20819,49000
Public,0.5998,23,1077,21420,42900
Public,0.4019,28,1262,25176,48600
Public,0.5857,28,1262,22381,46800
Public,0.9981,20,923,15272,34300
Public,0.8203,23,1064,19366,39200
Private,0.4739,27,1206,48189,45800
Private,0.5087,23,1041,35480,38200
Public,0.8401,21,1008,14292,39100
Public,0.7327,23,1050,18936,39700
Public,0.4503,17,832,22311,25900
Public,0.663,25,1116,20900,43900
Private,0.2992,21,997,30696,40700
Public,0.8603,20,953,16345,41900
Private,0.6393,29,1270,46274,49600
Private,0.9862,20,940,21543,37400
Public,0.7403,22,994,17553,37100
Private,0.4942,29,1277,17174,47400
Private,0.3604,24,1081,14544,34100
Public,0.5709,23,1066,18042,34000
Public,0.9674,24,1087,16020,37300
Public,0.8174,24,1109,19048,44300
Private,0.7517,25,1134,37990,41700
Public,0.9205,20,954,20799,31200
Private,0.7079,25,1122,44636,37900
Public,0.9688,19,948,20404,28000
Public,0.9934,20,930,19178,29700
Private,0.1716,32,1391,59200,49100
Private,0.6349,24,1065,47341,43800
Private,0.7511,26,1173,48894,41600
Private,0.6831,17,842,33200,35300
Private,0.994,18,883,33229,33400
Public,0.8257,19,933,22937,40000
Public,0.7755,27,1190,27788,39400
Private,0.6329,20,941,36240,38600
Private,0.5729,19,900,33668,39400
Private,0.5493,23,1033,41180,37500
Public,0.3321,30,1358,25938,48800
Private,0.8514,22,1067,26825,39500
Public,0.5902,26,1161,24696,39800
Private,0.4106,22,963,31688,50900
Private,0.6572,22,1004,40866,32900
Private,0.6505,22,999,38009,34900
Private,0.7411,17,868,38620,32400
Public,0.6203,26,1155,22332,53100
Private,0.5486,25,1113,49139,42500
Private,0.3605,21,990,32358,38000
Private,0.693,24,1099,46049,28600
Public,0.6356,25,1149,21980,48800
Private,0.2165,23,1030,31344,31400
Public,0.8136,21,1002,23707,37500
Private,0.6369,22,1002,41818,37000
Private,0.8835,22,959,39432,35700
Public,0.8096,24,1110,21862,44700
Private,0.8252,22,1030,36832,48200
Public,0.6499,18,879,18837,30300
Public,0.7679,21,1016,20531,39200
Public,0.7831,20,980,19987,38900
Private,0.637,24,1082,45842,39900
Private,0.8343,25,1094,44330,33400
Public,0.5572,15,837,13460,29000
Private,0.3116,30,1313,55980,51500
Private,0.7281,24,1086,48559,38700
Private,0.8456,23,1016,41369,38100
Private,0.9987,22,1015,30068,28300
Private,0.8431,24,1084,46966,36500
Public,0.7449,20,949,18365,35200
Public,0.6913,24,1102,25291,38600
Public,0.2999,31,1362,25255,53600
Public,0.4732,25,1141,24643,53300
Public,0.9459,17,811,20075,29600
Private,0.5848,15,750,26885,27200
Private,0.9311,21,1021,41010,35900
Private,0.1843,32,1392,56616,61800
Public,0.8216,21,986,21401,40300
Public,0.7967,21,970,19831,37700
Public,0.9709,24,1081,21433,28900
Private,0.6651,27,1204,46475,47900
Private,0.972,24,1079,34608,35700
Private,0.7676,25,1112,45299,42600
Private,0.8522,28,1233,53785,41400
Private,0.876,22,1057,40458,40200
Private,0.7214,26,1145,45125,40500
Private,0.7323,27,1175,50610,49500
Private,0.9286,24,1072,34747,40900
Public,0.8208,22,1030,26292,43700
Public,0.5523,28,1234,24606,48300
Public,0.8371,25,1114,22009,39000
Private,0.5696,30,1327,54865,37900
Private,0.4321,22,989,33057,43500
Private,0.9091,23,1026,22543,23600
Private,0.4948,21,936,38226,35700
Public,0.4267,19,905,14940,25700
Private,0.6905,22,991,32147,37600
Public,0.457,21,980,17146,27800
Private,0.5734,20,945,32812,32500
Public,0.6649,21,965,14710,29400
Public,0.7446,19,879,19910,28900
Public,0.7868,22,1022,16361,31100
Private,0.3639,21,971,27759,32300
Public,0.8102,22,1007,14846,36200
Public,0.4478,20,942,13756,27000
Public,0.7122,21,984,18406,30800
Public,0.5131,21,990,14465,38700
Private,0.7696,23,1021,38796,35100
Public,0.851,24,1062,16898,38700
Private,0.6892,22,1023,34213,40000
Private,0.7887,20,950,30496,34500
Private,0.6769,27,1227,48236,33300
Private,0.8423,22,1027,37563,45400
Private,0.8114,24,1090,37963,38300
Private,0.7018,24,1105,44910,40700
Private,0.6992,23,1049,36660,38700
Private,0.7656,23,1050,35645,40300
Private,0.6621,22,1007,32706,37900
Private,0.7146,23,1061,23879,27500
Private,0.7561,20,950,33656,37500
Private,0.5745,27,1217,46649,52300
Private,0.6839,28,1244,43747,61000
Private,0.5397,20,957,33166,37900
Private,0.5907,24,1105,39123,29300
Private,0.7515,25,1130,40966,39900
Private,0.8194,25,1125,40204,39500
Private,0.6,20,950,33274,36300
Public,0.9899,21,970,13105,30800
Private,0.706,24,1090,32956,37300
Public,0.8468,22,1030,16107,38200
Public,0.7646,24,1110,18066,39900
Public,0.8476,23,1070,16878,36100
Public,0.72,25,1130,17896,40400
Private,0.6356,24,1097,34192,35000
Public,0.8134,22,1030,16935,37500
Public,0.7547,21,990,15218,33600
Public,0.8927,22,1030,18192,39800
Public,0.8927,22,1010,16953,30900
Public,0.6792,28,1268,23718,48200
Public,0.8608,22,1030,21203,38100
Public,0.9647,23,1050,16824,40600
Public,0.8663,22,1030,16682,36000
Public,0.8285,23,1070,16427,35800
Public,0.9569,25,1123,17652,42000
Private,0.0569,33,1466,58408,76500
Public,0.6042,27,1211,23109,47500
Public,0.6251,21,966,20386,40500
Public,0.7568,21,1014,22800,48300
Public,0.8523,20,963,22185,48300
Private,0.3498,21,971,33979,29900
Public,0.444,21,976,18479,37100
Public,0.6579,22,1024,18097,37600
Public,0.4207,22,1015,13099,49700
Public,0.594,24,1020,12946,49700
Public,0.4107,21,1017,13028,49700
Public,0.6443,20,954,22570,35800
Private For-Profit,0.6635,28,1225,37848,72800
Private For-Profit,0.7997,25,1104,37379,37300
